{"0":{"x":-1.911979467744147,"y":0.09848225581578463,"z":-2.136185429526137},"1":{"x":-1.9122108296896942,"y":0.19343314395164643,"z":-2.2884671406001917},"2":{"x":-1.9347224663477658,"y":0.2847964374355224,"z":-2.4440784742953476},"3":{"x":-0.5481362619012028,"y":0.616003406572302,"z":-0.3104521917468064},"4":{"x":-0.5754813602158037,"y":0.7462514426114412,"z":-0.3784697855237779},"5":{"x":-0.6499088600107901,"y":0.8787921660722824,"z":-0.4373589771843411},"6":{"x":-0.730162002429545,"y":1.0122723793952377,"z":-0.4780728795758419},"7":{"x":-0.8042282445087634,"y":1.0803692842992128,"z":-0.3893702320335226},"8":{"x":-0.8309459887134666,"y":1.1296397503843414,"z":-0.3078882894586759},"9":{"x":-0.8687910938097112,"y":1.2217255926214887,"z":-0.31449083434972885},"10":{"x":-0.8983853763356431,"y":1.3092673560750094,"z":-0.33657071813171824},"11":{"x":-0.9156723738651308,"y":1.4028252159437349,"z":-0.39943247047425323},"12":{"x":-0.9263911784682558,"y":1.5005930543349602,"z":-0.48112079516499556},"13":{"x":-0.9099014794585163,"y":1.5666023613460698,"z":-0.5507311580545973},"14":{"x":-0.8876961977404504,"y":1.6344858951629266,"z":-0.6385927307157852},"15":{"x":-0.8707225429936905,"y":1.7048374674099014,"z":-0.7286547629843246},"16":{"x":-0.8546030781459237,"y":1.7803663417344775,"z":-0.7990458655201323},"17":{"x":-0.8472027018189132,"y":1.8562102490108066,"z":-0.842886579439537},"18":{"x":-0.8500910197391075,"y":1.9282859314187784,"z":-0.8705030396674975},"19":{"x":-0.8657477106021365,"y":2.009376459284186,"z":-0.9182771312059593},"20":{"x":-0.8809577277593096,"y":2.0826742637193267,"z":-0.9536377432044498},"21":{"x":-0.8922685466094944,"y":2.1531339955086892,"z":-0.9822357953715052},"22":{"x":-0.8992733522583017,"y":2.218655744143496,"z":-0.9918902048975156},"23":{"x":-0.8927998100729916,"y":2.2528316601289315,"z":-0.9449341809959535},"24":{"x":-0.8763895159591709,"y":2.279992637325442,"z":-0.9017600271607702},"25":{"x":-0.8561561546822828,"y":2.306696909687091,"z":-0.8686553685561716},"26":{"x":-0.840554466848031,"y":2.340028619236648,"z":-0.8346640063760193},"27":{"x":-0.835037650620504,"y":2.375341500816911,"z":-0.8037656135623584},"28":{"x":-0.8387655482143536,"y":2.411090676704034,"z":-0.7693094498633768},"29":{"x":-0.7825389413798653,"y":1.5659177630954735,"z":-0.3510176088669539},"30":{"x":-0.800384218224552,"y":1.5982484364685687,"z":-0.3156642293571268},"31":{"x":-0.8129208730657306,"y":1.6287683083381985,"z":-0.2727967511149211},"32":{"x":-0.8185018579266111,"y":1.6499940482865125,"z":-0.22743656442446403},"33":{"x":-0.8295885057768242,"y":1.6366181479207844,"z":-0.17136148503559862},"34":{"x":-0.8425109715390161,"y":1.6157162210942768,"z":-0.1157832832375078},"35":{"x":-0.9529116259230085,"y":1.5831419555765838,"z":-0.17125743872067245},"36":{"x":-1.1074310070780324,"y":1.5395403678993285,"z":-0.23351243255138837},"37":{"x":-1.2672065665193413,"y":1.505360106818156,"z":-0.28787478004568806},"38":{"x":-1.4565166115157264,"y":1.4395958430105051,"z":-0.38145069862464165},"39":{"x":-1.6532508314504342,"y":1.3744679788597267,"z":-0.4719111354506943},"40":{"x":-1.0970589414035714,"y":1.6284853484399213,"z":-0.4672821388964823},"41":{"x":-1.263714607143309,"y":1.6021306878278105,"z":-0.5149335323203239},"42":{"x":-1.3891089662799152,"y":1.58565700398489,"z":-0.6081777979390215},"43":{"x":-1.5181720271597217,"y":1.5869968729118886,"z":-0.738184927740816},"44":{"x":-1.6254234631643965,"y":1.6237611608569447,"z":-0.924505218580907},"45":{"x":-1.6828325689742547,"y":1.6910052683862777,"z":-1.1410923128416075},"46":{"x":-1.7156628912959735,"y":1.7644080278717291,"z":-1.3590802346102815},"47":{"x":-1.7602176090455794,"y":1.8490219306383908,"z":-1.5490174574663222},"48":{"x":-1.815261904315772,"y":1.930984630377912,"z":-1.7160730544944998},"49":{"x":-1.9232777292147754,"y":2.017594623557483,"z":-1.8373167944554696},"50":{"x":-2.0752512040916486,"y":2.0897975859730447,"z":-1.928632519897654},"51":{"x":-2.241371637332555,"y":2.148018506663616,"z":-2.003834397706683},"52":{"x":-2.41474079904412,"y":2.1792733122351353,"z":-2.0859467006232553},"53":{"x":-2.5813410382379156,"y":2.175463024191907,"z":-2.1675662405484446},"54":{"x":-2.739070819376072,"y":2.176451597542019,"z":-2.2312328800991668},"55":{"x":-2.0738673569572237,"y":1.0792459606566398,"z":-1.4635077852488716},"56":{"x":-2.1927082290860764,"y":1.094633347484556,"z":-1.542902128179165},"57":{"x":-2.289412075747485,"y":1.1569254161687434,"z":-1.678913644561903},"58":{"x":-2.3385620541526215,"y":1.2562868715627045,"z":-1.8625225524679845},"59":{"x":-2.372066078079509,"y":1.3531559662285757,"z":-2.0657934289013387},"60":{"x":-2.3733257308078803,"y":1.4356895137573285,"z":-2.2683768269409113},"61":{"x":-2.364510772793481,"y":1.5114297542468376,"z":-2.4483795598761375},"62":{"x":-2.3394582577776424,"y":1.5553979319894329,"z":-2.5858051457164173},"63":{"x":-2.2923466218160518,"y":1.5511917787080527,"z":-2.4671492825069867},"64":{"x":-2.2719971736485767,"y":1.5202899390741256,"z":-2.3899938927729307},"65":{"x":-2.276765056044194,"y":1.4808608799343894,"z":-2.341080651215589},"66":{"x":-0.8999442859375224,"y":0.3595016879744266,"z":-1.9866113355404935},"67":{"x":-0.9586489252545248,"y":0.3133111499157001,"z":-2.0173740386171026},"68":{"x":-1.0302580121653195,"y":0.26133308106879105,"z":-2.0729283245387524},"69":{"x":-1.1423377567322184,"y":0.19240675932334628,"z":-2.1826509057209416},"70":{"x":-1.293582374703153,"y":0.13668169874405095,"z":-2.2887526146620525},"71":{"x":-1.4462373277906972,"y":0.08153505363542718,"z":-2.4051650662088244},"72":{"x":-1.5789744723124364,"y":0.0367792213148838,"z":-2.51627141087815},"73":{"x":-1.679293442090617,"y":-0.002410946538701747,"z":-2.6221274413584115},"74":{"x":-1.7492546952581542,"y":-0.04326392995320957,"z":-2.716235110606454},"75":{"x":-1.8411386825178286,"y":-0.0737030545140516,"z":-2.833004976418578},"76":{"x":-1.923626656167586,"y":-0.08168406881573795,"z":-2.9808250871652326},"77":{"x":-1.9799339399449745,"y":-0.07484682493012249,"z":-3.166233527507957},"78":{"x":-2.030716355427262,"y":-0.062490336582491396,"z":-3.3579078672693297},"79":{"x":-2.108079014143315,"y":-0.03479000907852128,"z":-3.5375178459181464},"80":{"x":-2.221894783024359,"y":-0.012436332051899174,"z":-3.7207636502386525},"81":{"x":-2.364356028023967,"y":-0.008256190325822726,"z":-3.912583243644065},"82":{"x":-2.5081379077082384,"y":-0.030632182963024918,"z":-4.111390681143235},"83":{"x":-2.5817376619464345,"y":-0.046394132526128645,"z":-4.057348246647491},"84":{"x":-2.6528718513739395,"y":-0.03134809770687097,"z":-4.008833903956425},"85":{"x":-2.717999665707946,"y":-0.005607974997971887,"z":-3.977425292800729},"86":{"x":-2.777638350303108,"y":0.053827152679380125,"z":-3.997364276722655}}
