{"0":{"x":0.034502942307800946,"y":-0.949562516847943,"z":-2.5841962939670706},"1":{"x":0.37141654530306306,"y":-1.7718479734313504,"z":-5.351707551997512},"2":{"x":1.0555001921730136,"y":-1.92866920667702,"z":-7.395743063680901},"3":{"x":2.0818502874313323,"y":-1.8360881047267912,"z":-9.6256440457058},"4":{"x":3.5315238896410874,"y":-1.39164599223394,"z":-11.978744330248164},"5":{"x":5.304934277810226,"y":-0.4903717681396341,"z":-14.244405690519526},"6":{"x":7.460859733758953,"y":0.9007161784876384,"z":-16.200390869525762},"7":{"x":10.007790108843537,"y":2.616971628637048,"z":-17.97070995319427},"8":{"x":12.855523259281807,"y":4.636994953908018,"z":-19.57211604949475},"9":{"x":16.00173139263567,"y":6.815079318967042,"z":-21.015881212045908},"10":{"x":19.469026973252294,"y":9.089160999436785,"z":-22.34857304847418},"11":{"x":23.226626015029233,"y":11.372953699163103,"z":-23.676606007175103},"12":{"x":27.249581596689985,"y":13.632698473909857,"z":-25.02031538354176},"13":{"x":30.689789631463288,"y":15.186243091515623,"z":-26.214670296962847},"14":{"x":34.269784543174495,"y":16.86661528443862,"z":-27.36258027151327},"15":{"x":37.96154441268839,"y":18.64861448781235,"z":-28.44865921114987},"16":{"x":41.7716998734626,"y":20.465787518377148,"z":-29.53304246151844},"17":{"x":45.67557180334874,"y":22.290010435741696,"z":-30.648714660312145},"18":{"x":49.64302138565336,"y":24.095227137841782,"z":-31.79426266926487},"19":{"x":53.66661837827604,"y":25.893720738037302,"z":-32.96300219081825},"20":{"x":57.72332435370634,"y":27.6858722520419,"z":-34.14372812345814},"21":{"x":61.81318063375777,"y":29.4798040753057,"z":-35.330861597206464},"22":{"x":65.9579085830624,"y":31.264230043194168,"z":-36.514827217394576},"23":{"x":70.14747863528305,"y":33.06102000105491,"z":-37.68141964011261},"24":{"x":73.52557932367756,"y":34.51738199140333,"z":-38.34502214720883},"25":{"x":76.90713970737548,"y":35.993613725022115,"z":-39.014969361308694},"26":{"x":80.28289629532392,"y":37.470405565003276,"z":-39.69606086848827},"27":{"x":83.65893288904893,"y":38.93306344014504,"z":-40.39259877966331},"28":{"x":86.20929863044657,"y":40.16598358234923,"z":-40.69179065958424},"29":{"x":88.74201604892416,"y":41.39594912649097,"z":-40.98408532099632},"30":{"x":91.24083388342682,"y":42.63616301402287,"z":-41.2713066736431},"31":{"x":93.7058755946222,"y":43.86966852313949,"z":-41.57891364300428},"32":{"x":96.13667676021142,"y":45.06459434251475,"z":-41.883014240026704},"33":{"x":98.53471504561394,"y":46.227587857301,"z":-42.22530245375548},"34":{"x":100.90562025499385,"y":47.387208598834796,"z":-42.607856435351565},"35":{"x":103.26768467516942,"y":48.540082664309296,"z":-43.02617072914624},"36":{"x":105.59780640088766,"y":49.67228944758523,"z":-43.46834637737641},"37":{"x":107.88006377960751,"y":50.78465717832602,"z":-43.959304093439734},"38":{"x":110.12026995039379,"y":51.87693874507147,"z":-44.49379151590756},"39":{"x":111.34452165320965,"y":52.944699791705034,"z":-44.3989387236715},"40":{"x":112.54274776285965,"y":53.99775334583165,"z":-44.31663771997756},"41":{"x":113.70870394391423,"y":55.02863217944849,"z":-44.262905637235455},"42":{"x":114.83455470265783,"y":56.034782127179916,"z":-44.26101376128228},"43":{"x":115.91684518760893,"y":57.006165971819186,"z":-44.328322205062776},"44":{"x":116.96221320335634,"y":57.94483685716705,"z":-44.44193273248397},"45":{"x":117.9712050693621,"y":58.85100390080129,"z":-44.57578419508182},"46":{"x":118.94278839710853,"y":59.72737578993587,"z":-44.74083924524057},"47":{"x":119.87642698482598,"y":60.576864467686256,"z":-44.941658605833425},"48":{"x":120.76939820858566,"y":61.399410065931754,"z":-45.19208745876248},"49":{"x":121.61427109967471,"y":62.18678259105211,"z":-45.48324352189413},"50":{"x":122.10309469147528,"y":62.61629076524254,"z":-45.61142083736496},"51":{"x":122.55588293886042,"y":63.03106300932427,"z":-45.78026283716894},"52":{"x":122.97929937229442,"y":63.44260660950363,"z":-45.98585161599296},"53":{"x":123.38140885981032,"y":63.85580299534956,"z":-46.21809264352225},"54":{"x":123.76722392982069,"y":64.26279253291268,"z":-46.47252058715482},"55":{"x":124.13624145851898,"y":64.65350924391183,"z":-46.742551391837026},"56":{"x":124.48181525404128,"y":65.02347878299688,"z":-47.03696586177654},"57":{"x":124.79840847513773,"y":65.3824874692348,"z":-47.36263430715455},"58":{"x":125.08605422444774,"y":65.74069443949477,"z":-47.719701672924806},"59":{"x":125.34978748728126,"y":66.10118814652436,"z":-48.098229858279375},"60":{"x":125.59765878868049,"y":66.45633334049937,"z":-48.488232208383685},"61":{"x":125.7060149903215,"y":66.60066602604907,"z":-48.914329989631085},"62":{"x":125.78716834169128,"y":66.72844999238158,"z":-49.34336161656036},"63":{"x":125.8478046367788,"y":66.85263107935643,"z":-49.77819622848547},"64":{"x":125.89673379062062,"y":66.97392206848414,"z":-50.21716274555256},"65":{"x":125.36823857056653,"y":66.78657474931175,"z":-50.70661581577615},"66":{"x":124.84073381078713,"y":66.59217637686696,"z":-51.189246272385596},"67":{"x":124.3150317054148,"y":66.38879855788521,"z":-51.66496247191808},"68":{"x":123.7878973957592,"y":66.16658229669885,"z":-52.13507897761572},"69":{"x":123.2559534096969,"y":65.92377551776127,"z":-52.60349329897561},"70":{"x":122.71686393708116,"y":65.66446168112921,"z":-53.0707829415369},"71":{"x":122.18183314625284,"y":65.39554478947103,"z":-53.574907072643285},"72":{"x":121.64657512841538,"y":65.10937993981656,"z":-54.12462553123394},"73":{"x":121.08258899289055,"y":64.7647800330732,"z":-54.73879824868875},"74":{"x":120.45323506850164,"y":64.3431108654395,"z":-55.42524314686586},"75":{"x":119.76473478245366,"y":63.83156461082263,"z":-56.21059007744058},"76":{"x":119.02678479574591,"y":63.2391737342164,"z":-56.91068023604756},"77":{"x":118.20351545254672,"y":62.51821699354612,"z":-57.74505050955384},"78":{"x":117.29192733070279,"y":61.679135680355486,"z":-58.757882409626006},"79":{"x":116.29351960050272,"y":60.70968771991573,"z":-60.010096045221715},"80":{"x":115.24913877251895,"y":59.625197241951874,"z":-61.52151775198609},"81":{"x":114.22456167749127,"y":58.4283031868203,"z":-63.295399337746474},"82":{"x":113.27861571168691,"y":57.225163988025194,"z":-65.26929459201456},"83":{"x":112.3604801048654,"y":56.00143182070288,"z":-67.4735037185668},"84":{"x":111.47644888031498,"y":54.81120167018123,"z":-69.85300124608838},"85":{"x":110.68543195617043,"y":53.65086486541447,"z":-72.43986260085119},"86":{"x":110.0526765856964,"y":52.52788465362154,"z":-75.23250884379662},"87":{"x":109.61554251031224,"y":51.3587024991711,"z":-77.8055918237258}}
