{"0":{"x":1.1928564204634888,"y":0.35937370056139156,"z":1.9093639756114902},"1":{"x":1.1785149688993761,"y":0.4155826849208999,"z":1.9188767823214594},"2":{"x":1.1554066834759833,"y":0.46979715884395834,"z":1.9276806247512213},"3":{"x":0.33366286815405005,"y":0.38310466842776847,"z":0.3113943384900395},"4":{"x":0.30778740159262646,"y":0.4234874990404155,"z":0.4184801498987649},"5":{"x":0.3383043469279827,"y":0.46849933152622736,"z":0.5106916927516495},"6":{"x":0.4070110512607319,"y":0.5159074653132353,"z":0.595334499040169},"7":{"x":0.485071651297934,"y":0.5164959048718037,"z":0.5793494497351558},"8":{"x":0.5302376985433868,"y":0.5192293346409705,"z":0.5657525290139717},"9":{"x":0.5656942035788156,"y":0.5554016523941613,"z":0.5995591032167621},"10":{"x":0.5928448822390574,"y":0.5883908032459971,"z":0.6148660537694803},"11":{"x":0.6071979107581669,"y":0.6208167057395476,"z":0.6033403106595915},"12":{"x":0.6167945138487325,"y":0.6537221990433578,"z":0.5899579986080441},"13":{"x":0.6210687135828409,"y":0.6630360560872747,"z":0.5413247580616647},"14":{"x":0.6102735836852938,"y":0.6713236604895418,"z":0.5115995389835651},"15":{"x":0.5919474724410265,"y":0.6824853345832127,"z":0.5181524865984256},"16":{"x":0.5672392255779459,"y":0.6962942477860004,"z":0.5574879202175902},"17":{"x":0.5454353360273597,"y":0.7097421506499673,"z":0.6055711373097543},"18":{"x":0.5327355052926317,"y":0.7200600291087526,"z":0.6456661793363313},"19":{"x":0.5216967199118715,"y":0.7322451747022077,"z":0.693537007016983},"20":{"x":0.5146840793090256,"y":0.7417225101699938,"z":0.7303283264157913},"21":{"x":0.5070319997349244,"y":0.7523740115802096,"z":0.7631561930073862},"22":{"x":0.49641545992520325,"y":0.7634067321486722,"z":0.7882409163134594},"23":{"x":0.4734011279214689,"y":0.7561359706244114,"z":0.7812116456692462},"24":{"x":0.4520463364552772,"y":0.7499913808315276,"z":0.7748485092372579},"25":{"x":0.43342136625902833,"y":0.7484680606663644,"z":0.7685566203872455},"26":{"x":0.4121749837388583,"y":0.7493953233382579,"z":0.7601023738712377},"27":{"x":0.39247984944430475,"y":0.752460696994695,"z":0.7566597876436985},"28":{"x":0.3727236388206241,"y":0.7584380992887461,"z":0.7581501512025016},"29":{"x":0.3869380418347453,"y":0.8337311691301779,"z":0.7347424331442215},"30":{"x":0.37465130258194307,"y":0.8200410001224456,"z":0.7481470007407371},"31":{"x":0.37111835819053707,"y":0.8086249736827074,"z":0.7602785064729524},"32":{"x":0.3747182678956171,"y":0.8021538481741058,"z":0.7754788486474486},"33":{"x":0.3848012583181467,"y":0.8094116081111729,"z":0.8016509268081118},"34":{"x":0.3997017354061481,"y":0.8192175110065614,"z":0.8328427755096481},"35":{"x":0.3710484635791582,"y":0.8320521193768589,"z":0.8222160007867877},"36":{"x":0.33853674564209923,"y":0.8501287202918972,"z":0.8095602089879633},"37":{"x":0.3283554293217645,"y":0.8666271747739956,"z":0.8023515438537557},"38":{"x":0.3543752550836399,"y":0.9050117807050191,"z":0.7916111094545455},"39":{"x":0.4204448556464749,"y":0.9501881030430354,"z":0.787894516397646},"40":{"x":0.4977724008758842,"y":0.8149442434169154,"z":0.7981840309853966},"41":{"x":0.4597388548108017,"y":0.8358664338821071,"z":0.8006003557217651},"42":{"x":0.4447766545180222,"y":0.852107615649494,"z":0.8015080739515157},"43":{"x":0.43577147101723335,"y":0.8628391175006288,"z":0.80881128606733},"44":{"x":0.4358745247999556,"y":0.8574796132185101,"z":0.8387860953811367},"45":{"x":0.4460347544401101,"y":0.8451021207569083,"z":0.9115377555323221},"46":{"x":0.4623499946300267,"y":0.8357728617977497,"z":1.0221889772743735},"47":{"x":0.4861167956259973,"y":0.8337990568840947,"z":1.1521054998516933},"48":{"x":0.5118932259695008,"y":0.8373348892822281,"z":1.2821575504382743},"49":{"x":0.5426348827309413,"y":0.8453005695106465,"z":1.385399246922297},"50":{"x":0.5916801654538615,"y":0.8559819662277462,"z":1.4552469230618978},"51":{"x":0.6570347347277813,"y":0.8679953861876415,"z":1.5058496247247826},"52":{"x":0.7378358483665877,"y":0.8739124623040855,"z":1.546379516725618},"53":{"x":0.8232822953057762,"y":0.8680142170980881,"z":1.581664759578921},"54":{"x":0.9082743329759597,"y":0.8630577778166661,"z":1.6222779919165728},"55":{"x":1.1420221979535474,"y":0.6467894073316344,"z":1.6805290907398671},"56":{"x":1.218555045246396,"y":0.639652506650912,"z":1.7053270409786363},"57":{"x":1.280823969264178,"y":0.662798215539828,"z":1.7042207614837088},"58":{"x":1.3092505867600186,"y":0.7096143210109873,"z":1.6861078515324845},"59":{"x":1.3248585215433843,"y":0.7524930641964308,"z":1.6736469414308428},"60":{"x":1.3158916486344667,"y":0.7785933052000743,"z":1.6619928915791753},"61":{"x":1.2944401190182724,"y":0.8072129692697191,"z":1.657804024543285},"62":{"x":1.2840449563577556,"y":0.8488952637066016,"z":1.6540567897865925},"63":{"x":1.2265915805759515,"y":0.8595073215490731,"z":1.6526625549091405},"64":{"x":1.1642013312325927,"y":0.8555829526693715,"z":1.6545280312228605},"65":{"x":1.1038223793665936,"y":0.8465141918272209,"z":1.6634899801597909},"66":{"x":0.4872351770522472,"y":0.15012713994441043,"z":1.7440558189740767},"67":{"x":0.5657179678696821,"y":0.1329939794168932,"z":1.7557994941034925},"68":{"x":0.6597501510445715,"y":0.11061138942356338,"z":1.7676731638610834},"69":{"x":0.7730454490527263,"y":0.09317585160506323,"z":1.7752438292979242},"70":{"x":0.891329604201223,"y":0.1198268026123079,"z":1.7634163515956092},"71":{"x":1.0038230850199559,"y":0.15842304892238193,"z":1.7572930361096655},"72":{"x":1.0896978452748667,"y":0.19241609281732974,"z":1.759136500940267},"73":{"x":1.1563606000832451,"y":0.22608813882898873,"z":1.7693680035815167},"74":{"x":1.1907829281724869,"y":0.27074876962230865,"z":1.7812718058196095},"75":{"x":1.2266785454087534,"y":0.3121479456178361,"z":1.790272125508313},"76":{"x":1.254081544293724,"y":0.3374827318902702,"z":1.8027103241422335},"77":{"x":1.2488358446807766,"y":0.3551925418262553,"z":1.8199073237508454},"78":{"x":1.2340109447769345,"y":0.3685660000715359,"z":1.8450317887297047},"79":{"x":1.2146384983867935,"y":0.36914130257719097,"z":1.8714081763775714},"80":{"x":1.1946267734872373,"y":0.3621763061677236,"z":1.8912306561980117},"81":{"x":1.1762806636896246,"y":0.3488824371527476,"z":1.8976407044996508},"82":{"x":1.1699876625361627,"y":0.3380802938242271,"z":1.879436835172074},"83":{"x":1.174857134019612,"y":0.3376640283866218,"z":1.9563965197652293},"84":{"x":1.170116116577391,"y":0.3372488021188013,"z":2.033557734742693},"85":{"x":1.160720292959596,"y":0.34035431126587956,"z":2.1081074892051856},"86":{"x":1.1486427015909562,"y":0.3436353051327871,"z":2.1587266289426066}}
