{"0":{"x":6.41893461789732,"y":3.9139460976557867,"z":9.236616130924903},"1":{"x":13.292010613518201,"y":5.438745421411362,"z":3.927408013078061},"2":{"x":19.279866168756833,"y":5.793027871746654,"z":-10.563608144462243},"3":{"x":23.581454347369736,"y":7.2747968718697535,"z":-36.44694000742853},"4":{"x":24.05550275447729,"y":10.628599224992257,"z":-75.06966755006492},"5":{"x":17.594508250304344,"y":15.761974608352316,"z":-123.10013022089385},"6":{"x":0.18644593285776523,"y":20.71381535928644,"z":-172.78554104769643},"7":{"x":-32.58246668756112,"y":21.660692211707488,"z":-223.83505025012175},"8":{"x":-84.33526593559192,"y":16.040388106352573,"z":-274.41750542679085},"9":{"x":-160.0657194971068,"y":0.8517322547673984,"z":-323.81828389337124},"10":{"x":-266.3496765902721,"y":-25.63384657209982,"z":-372.8074773514161},"11":{"x":-408.5504811563864,"y":-63.55269145694787,"z":-425.3606516587241},"12":{"x":-591.7991741520409,"y":-112.09901707699473,"z":-482.45636950284415},"13":{"x":-774.0702244758791,"y":-153.39667264751978,"z":-535.8473695384411},"14":{"x":-988.7660753342172,"y":-203.37987542784418,"z":-590.1306420671635},"15":{"x":-1236.8532086624884,"y":-262.4625882348089,"z":-644.152636384522},"16":{"x":-1521.1809316296305,"y":-329.24309428553875,"z":-700.5889156314424},"17":{"x":-1842.2521608707943,"y":-402.9257816835705,"z":-761.2660039566986},"18":{"x":-2199.5871114706715,"y":-482.3499843213988,"z":-826.2148891824987},"19":{"x":-2593.9967668822133,"y":-567.8757306834493,"z":-895.192781934164},"20":{"x":-3024.414111399752,"y":-659.3855824641342,"z":-967.5968183601933},"21":{"x":-3491.6434891727476,"y":-757.3125516568261,"z":-1043.1106328666717},"22":{"x":-3999.11259960517,"y":-861.0854225076383,"z":-1121.0496570696725},"23":{"x":-4546.7715580518525,"y":-972.0033712227989,"z":-1200.3291949432257},"24":{"x":-5014.38742868002,"y":-1066.5793804077396,"z":-1245.2682862988229},"25":{"x":-5505.262208417253,"y":-1166.7121260430429,"z":-1291.5972720151253},"26":{"x":-6018.078605837897,"y":-1271.1796201162256,"z":-1339.7257176283902},"27":{"x":-6553.656534576118,"y":-1378.9940144617658,"z":-1390.0225658609163},"28":{"x":-6973.684044029628,"y":-1473.017226659335,"z":-1409.897677771174},"29":{"x":-7403.685197869887,"y":-1569.937757401201,"z":-1429.4219469086688},"30":{"x":-7840.630830385339,"y":-1670.8041162657391,"z":-1448.782132819442},"31":{"x":-8284.063548395568,"y":-1774.269819774058,"z":-1470.0675615520047},"32":{"x":-8733.24654345074,"y":-1877.4898110138556,"z":-1491.270274116082},"33":{"x":-9187.940190371624,"y":-1980.720426249713,"z":-1515.874254053789},"34":{"x":-9648.661503199393,"y":-2086.403578555326,"z":-1544.0826045058482},"35":{"x":-10118.833453943293,"y":-2194.1493131526754,"z":-1575.6500783857045},"36":{"x":-10593.650549077409,"y":-2302.50667238276,"z":-1609.704848230135},"37":{"x":-11069.269672872604,"y":-2411.40247259147,"z":-1648.4959164392276},"38":{"x":-11546.160499844435,"y":-2520.7669655034083,"z":-1691.6253934164604},"39":{"x":-11812.638527488618,"y":-2630.0220179989187,"z":-1682.163969943121},"40":{"x":-12076.362227810252,"y":-2740.0262419503506,"z":-1673.8451832314486},"41":{"x":-12335.783922020113,"y":-2849.8112235366807,"z":-1668.1224342117866},"42":{"x":-12588.850513581381,"y":-2958.9422788839724,"z":-1667.0382081201092},"43":{"x":-12834.398474338816,"y":-3066.1973397708666,"z":-1672.1057742030687},"44":{"x":-13073.65192020763,"y":-3171.6564552817554,"z":-1681.2858993157256},"45":{"x":-13306.500281511855,"y":-3275.186344773058,"z":-1692.314171057666},"46":{"x":-13532.515439948756,"y":-3376.8961992221152,"z":-1706.2250209212111},"47":{"x":-13751.398001730751,"y":-3476.9685303364845,"z":-1723.45688497202},"48":{"x":-13962.257321762143,"y":-3575.2623919676234,"z":-1745.2271504464652},"49":{"x":-14163.024482299312,"y":-3670.649873639351,"z":-1770.7733846093242},"50":{"x":-14278.842433864515,"y":-3723.1570614650723,"z":-1781.8241476597923},"51":{"x":-14386.313936453873,"y":-3774.20073612345,"z":-1796.6113142185704},"52":{"x":-14487.005898713138,"y":-3825.1766506982635,"z":-1814.812578763771},"53":{"x":-14582.82079688865,"y":-3876.7049428709847,"z":-1835.5557028744588},"54":{"x":-14674.904520905437,"y":-3927.785393574105,"z":-1858.4539850628373},"55":{"x":-14763.069972866435,"y":-3977.1057265457966,"z":-1882.920060483937},"56":{"x":-14845.622843988252,"y":-4024.045420399684,"z":-1909.7726853364961},"57":{"x":-14921.15133679631,"y":-4069.8359744454483,"z":-1939.7013351864423},"58":{"x":-14989.625312947792,"y":-4115.798007073628,"z":-1972.7907414040037},"59":{"x":-15052.288010241547,"y":-4162.306003752005,"z":-2008.1782505701717},"60":{"x":-15111.139317839374,"y":-4208.333928885191,"z":-2044.9538646911678},"61":{"x":-15135.149729424602,"y":-4226.730185378799,"z":-2085.5731498485093},"62":{"x":-15152.375765502671,"y":-4242.953042500657,"z":-2126.8406981527055},"63":{"x":-15164.504706683952,"y":-4258.732548508973,"z":-2169.057620163202},"64":{"x":-15173.747040647775,"y":-4274.169176451884,"z":-2212.081046873061},"65":{"x":-15040.24237530093,"y":-4248.95725157331,"z":-2260.635624895518},"66":{"x":-14907.554033366263,"y":-4222.870122475684,"z":-2308.9616957419903},"67":{"x":-14775.878727701078,"y":-4195.659154673207,"z":-2357.0252460433803},"68":{"x":-14644.389372200112,"y":-4166.031984018017,"z":-2404.9469362737304},"69":{"x":-14512.23911854354,"y":-4133.782632074656,"z":-2453.1223065340396},"70":{"x":-14378.865333713444,"y":-4099.473989478515,"z":-2501.6054681439873},"71":{"x":-14247.065743322017,"y":-4064.036967639199,"z":-2554.437944188845},"72":{"x":-14115.784476763285,"y":-4026.482311477393,"z":-2612.6627891972903},"73":{"x":-13978.059896117482,"y":-3981.460277047552,"z":-2678.448436433514},"74":{"x":-13825.085279481089,"y":-3926.646087585372,"z":-2752.8424216495},"75":{"x":-13658.582487128142,"y":-3860.531073229387,"z":-2839.0943408379944},"76":{"x":-13481.08738501216,"y":-3784.4150368548812,"z":-2916.865853971293},"77":{"x":-13284.293949434727,"y":-3692.492818839021,"z":-3010.660849222905},"78":{"x":-13067.900976766596,"y":-3586.5163363709453,"z":-3126.0500613519425},"79":{"x":-12832.78535975973,"y":-3465.453489699902,"z":-3270.9137830159716},"80":{"x":-12589.066287042098,"y":-3331.9367700916873,"z":-3448.992036546546},"81":{"x":-12352.361578548347,"y":-3187.134976086922,"z":-3662.5663120817853},"82":{"x":-12135.905935091814,"y":-3044.6586051148165,"z":-3906.5603924454026},"83":{"x":-11927.506306689049,"y":-2902.974629255348,"z":-4187.6065464143385},"84":{"x":-11727.971340069049,"y":-2768.2901680453874,"z":-4502.546783598061},"85":{"x":-11549.664184746869,"y":-2639.689089546918,"z":-4858.164477070838},"86":{"x":-11406.123836652268,"y":-2517.4400713106334,"z":-5257.064280381489},"87":{"x":-11305.321626818544,"y":-2392.4208791030696,"z":-5637.522304557273}}
